place_id,address,category,phone_number,latitude,longitude,status,payload,name,review
JISl0DODR5zsRggp-M-PjX7M,"Western India House, Sir Phirozshah Mehta Rd",Home improvement store, 098191 27733,18.934,72.8341427,Avaliable,"{""type"":""In-store shopping"",""googleUrl"":""https://www.google.com/maps/place/The+Bombay+Store+-+P.M.+Road,+Fort,+Mumbai/data=!4m7!3m6!1s0x3be7d1e00c742921:0xb35fe3e3337e0a82!8m2!3d18.934!4d72.8341427!16s%2Fg%2F1tffh7c2!19sChIJISl0DODR5zsRggp-M-PjX7M?authuser=0&hl=en&rclk=1"",""stars"":4.4,""numberOfReviews"":null}","The Bombay Store - P.M. Road, Fort, Mumbai","{""rating"":""4.4 stars 1,488 Reviews""}"
JV9XMhtnR5zsRfEKdOAzgaCI,"Shop No:69, Goa St",General store, 022 2261 6698,18.9377022,72.8371433,Avaliable,"{""type"":""NA"",""googleUrl"":""https://www.google.com/maps/place/Kamlesh+General+Stores/data=!4m7!3m6!1s0x3be7d1d986ccd557:0x2268e00c389d427c!8m2!3d18.9377022!4d72.8371433!16s%2Fg%2F12jsyd3r9!19sChIJV9XMhtnR5zsRfEKdOAzgaCI?authuser=0&hl=en&rclk=1"",""stars"":null,""numberOfReviews"":null}",Kamlesh General Stores,"{""rating"":""NA""}"
Jbbp6OtnR5zsRIj_43im5NG8,"Shop No-8, Murzban Rd",Grocery store, 093236 79688,18.9392975,72.8345808,Avaliable,"{""type"":""In-store shopping"",""googleUrl"":""https://www.google.com/maps/place/S+S+General+Stores/data=!4m7!3m6!1s0x3be7d1d93a7aba6d:0x6f34b929def83f22!8m2!3d18.9392975!4d72.8345808!16s%2Fg%2F12hny_pm8!19sChIJbbp6OtnR5zsRIj_43im5NG8?authuser=0&hl=en&rclk=1"",""stars"":4.5,""numberOfReviews"":2}",S S General Stores,"{""rating"":""4.5 stars 2 Reviews""}"
JcejfqdvR5zsRfN5rTIAw7gg,"170/172, Amina Building, Opp. Fort Market, Modi St",Supermarket, 088504 69480,18.9346794,72.835906,Avaliable,"{""type"":""In-store shopping"",""googleUrl"":""https://www.google.com/maps/place/Zala+Stores/data=!4m7!3m6!1s0x3be7d1dba9dfe871:0x8ee30804c6bde7c!8m2!3d18.9346794!4d72.835906!16s%2Fg%2F12hvmblzm!19sChIJcejfqdvR5zsRfN5rTIAw7gg?authuser=0&hl=en&rclk=1"",""stars"":4.3,""numberOfReviews"":7}",Zala Stores,"{""rating"":""4.3 stars 7 Reviews""}"
J3Q1aPsPR5zsRZFQ6G4yobg4,"82, Nagindas Master Rd",Clothing store, 022 2267 3770,18.929689,72.8321666,Avaliable,"{""type"":""In-store shopping"",""googleUrl"":""https://www.google.com/maps/place/Stores/data=!4m7!3m6!1s0x3be7d1c33e5a0ddd:0xe6ea88c1b3a5464!8m2!3d18.929689!4d72.8321666!16s%2Fg%2F12hp1l3s5!19sChIJ3Q1aPsPR5zsRZFQ6G4yobg4?authuser=0&hl=en&rclk=1"",""stars"":4,""numberOfReviews"":2}",Stores,"{""rating"":""4.0 stars 2 Reviews""}"
Jg6iRj9zR5zsR-YyLKPcl_Z4,"Shop No. 14, Bagh Baikriwala bldg., Pitha Street",General store, 073037 81032,18.9336874,72.8330519,Avaliable,"{""type"":""Delivery"",""googleUrl"":""https://www.google.com/maps/place/Gupta+Provision+Store/data=!4m7!3m6!1s0x3be7d1dc8f91a883:0x9efd25f7288b8cf9!8m2!3d18.9336874!4d72.8330519!16s%2Fg%2F12hnjd60y!19sChIJg6iRj9zR5zsR-YyLKPcl_Z4?authuser=0&hl=en&rclk=1"",""stars"":4.8,""numberOfReviews"":12}",Gupta Provision Store,"{""rating"":""4.8 stars 12 Reviews""}"
JqxI_KDnR5zsRSeooTi6dsYA,WRQP+CG8 Rana,Sweet shop,NA,18.9385352,72.836334,Avaliable,"{""type"":""In-store shopping"",""googleUrl"":""https://www.google.com/maps/place/Sweet+shop/data=!4m7!3m6!1s0x3be7d139283f12ab:0x80b19d2e4e28ea49!8m2!3d18.9385352!4d72.836334!16s%2Fg%2F11hkt15f3b!19sChIJqxI_KDnR5zsRSeooTi6dsYA?authuser=0&hl=en&rclk=1"",""stars"":4,""numberOfReviews"":1}",Sweet shop,"{""rating"":""4.0 stars 1 Reviews""}"
JZWCp3dvR5zsRyUAJJzsaERU,"Shop No. 83/89, Bora Bazar St",Sweet shop, 022 6633 2529,18.9370894,72.8354812,Avaliable,"{""type"":""In-store shopping"",""googleUrl"":""https://www.google.com/maps/place/Bedekar+Sales+Shop/data=!4m7!3m6!1s0x3be7d1dbdda96065:0x15111a3b270940c9!8m2!3d18.9370894!4d72.8354812!16s%2Fg%2F1td0rby1!19sChIJZWCp3dvR5zsRyUAJJzsaERU?authuser=0&hl=en&rclk=1"",""stars"":4.1,""numberOfReviews"":89}",Bedekar Sales Shop,"{""rating"":""4.1 stars 89 Reviews""}"
Jo1nNYAbR5zsRRP-q3zYd-20,"Ground Floor, Shop No 3 ,Raja House MK Amin Marg, Dr, Dr Dadabhai Naoroji Rd",Camera store, 098191 69906,18.9374332,72.8344454,Avaliable,"{""type"":""In-store shopping"",""googleUrl"":""https://www.google.com/maps/place/Bombay+Photo+Stores/data=!4m7!3m6!1s0x3be7d10660cd59a3:0x6dfb1d36dfaaff44!8m2!3d18.9374332!4d72.8344454!16s%2Fg%2F11frj8k3k4!19sChIJo1nNYAbR5zsRRP-q3zYd-20?authuser=0&hl=en&rclk=1"",""stars"":4.7,""numberOfReviews"":83}",Bombay Photo Stores,"{""rating"":""4.7 stars 83 Reviews""}"
JTWKUUNnR5zsRC7sio5VlF_M,"167, Dr Dadabhai Naoroji Rd, opp. Terminus View Cooperative Society",Shopping mall,NA,18.936752,72.8341541,Avaliable,"{""type"":""In-store shopping"",""googleUrl"":""https://www.google.com/maps/place/Sonico+Shopping+Centre/data=!4m7!3m6!1s0x3be7d1d95094624d:0xf3176595a322bb0b!8m2!3d18.936752!4d72.8341541!16s%2Fg%2F1q67d2msn!19sChIJTWKUUNnR5zsRC7sio5VlF_M?authuser=0&hl=en&rclk=1"",""stars"":3.5,""numberOfReviews"":35}",Sonico Shopping Centre,"{""rating"":""3.5 stars 35 Reviews""}"
JLQ6owMLR5zsRJbFZB3O9tvc,"Army and Navy Building, Westside - A Unit of Trent Limited, 148, Mahatma Gandhi Road",Clothing store, 022 6636 0500,18.927993,72.830923,Avaliable,"{""type"":""In-store shopping"",""googleUrl"":""https://www.google.com/maps/place/Westside+-+Army+Navy+Building,+Fort,+Mumbai/data=!4m7!3m6!1s0x3be7d1c2c0a80e2d:0xf7b6bd730759b125!8m2!3d18.927993!4d72.830923!16s%2Fg%2F1hf0j0lp5!19sChIJLQ6owMLR5zsRJbFZB3O9tvc?authuser=0&hl=en&rclk=1"",""stars"":4.3,""numberOfReviews"":null}","Westside - Army Navy Building, Fort, Mumbai","{""rating"":""4.3 stars 5,982 Reviews""}"
Jc_U6DOrR5zsRDE85QPhJlPk,"Shop No 20, CST, Shoorji Vallabhdas Rd",General store,091675 61062,18.9347644,72.8397759,Avaliable,"{""type"":""NA"",""googleUrl"":""https://www.google.com/maps/place/DATTA+SHOP/data=!4m7!3m6!1s0x3be7d1ea0c3af573:0xf99449f840394f0c!8m2!3d18.9347644!4d72.8397759!16s%2Fg%2F11v3ws_xyw!19sChIJc_U6DOrR5zsRDE85QPhJlPk?authuser=0&hl=en&rclk=1"",""stars"":null,""numberOfReviews"":null}",DATTA SHOP,"{""rating"":""NA""}"
JM6O7mKTR5zsRcxnm3cLz9Tg,Shop No 322 C S T,Store,090045 73871,18.937561,72.8334182,Avaliable,"{""type"":""NA"",""googleUrl"":""https://www.google.com/maps/place/Premji+Vaviya+Shop/data=!4m7!3m6!1s0x3be7d1a498bba333:0x38f5f3c2dde61973!8m2!3d18.937561!4d72.8334182!16s%2Fg%2F11pf0cbbp1!19sChIJM6O7mKTR5zsRcxnm3cLz9Tg?authuser=0&hl=en&rclk=1"",""stars"":3,""numberOfReviews"":1}",Premji Vaviya Shop,"{""rating"":""3.0 stars 1 Reviews""}"
JpzQpXdnR5zsR3L2b01P75_s,"Shop No, 4/6, Bora Bazar St",Men's clothing store, 022 2267 0944,18.9380676,72.8351387,Avaliable,"{""type"":""In-store shopping"",""googleUrl"":""https://www.google.com/maps/place/Rajesh+%26+Company/data=!4m7!3m6!1s0x3be7d1d95d2934a7:0xfbe7fb53d39bbddc!8m2!3d18.9380676!4d72.8351387!16s%2Fg%2F1ptz4p1zf!19sChIJpzQpXdnR5zsR3L2b01P75_s?authuser=0&hl=en&rclk=1"",""stars"":2.5,""numberOfReviews"":4}",Rajesh & Company,"{""rating"":""2.5 stars 4 Reviews""}"
J_____9rR5zsR1tokEUkqZp4,"A2 Taj Building, 210 Dr. D.N. Road, Wallace St",Stationery store, 022 2207 7717,18.9370828,72.8335208,Avaliable,"{""type"":""In-store shopping"",""googleUrl"":""https://www.google.com/maps/place/Chimanlals+Pvt.+Ltd./data=!4m7!3m6!1s0x3be7d1daffffffff:0x9e662a491124dad6!8m2!3d18.9370828!4d72.8335208!16s%2Fg%2F1tfkznzr!19sChIJ_____9rR5zsR1tokEUkqZp4?authuser=0&hl=en&rclk=1"",""stars"":4.4,""numberOfReviews"":175}",Chimanlals Pvt. Ltd.,"{""rating"":""4.4 stars 175 Reviews""}"
JO0Fw5tvR5zsRo2y9hMGLweg,"King Lane Shop No.11, 13, MK Amin Marg, Fort",Camera store, 098212 81826,18.9368551,72.8350924,Avaliable,"{""type"":""In-store shopping"",""googleUrl"":""https://www.google.com/maps/place/Reliable+Photo+Store/data=!4m7!3m6!1s0x3be7d1dbe670413b:0xe8c18bc184bd6ca3!8m2!3d18.9368551!4d72.8350924!16s%2Fg%2F1tfjp549!19sChIJO0Fw5tvR5zsRo2y9hMGLweg?authuser=0&hl=en&rclk=1"",""stars"":4.4,""numberOfReviews"":917}",Reliable Photo Store,"{""rating"":""4.4 stars 917 Reviews""}"
Jq6qqetrR5zsRwHpHXpBnDog,"19-a, Vaju Kotak Marg",Stationery store, 022 2269 2332,18.9368328,72.8388072,Avaliable,"{""type"":""In-store shopping"",""googleUrl"":""https://www.google.com/maps/place/Old+Mangalam+Stationers+%26+Xerox/data=!4m7!3m6!1s0x3be7d1da7aaaaaab:0x880e67905e477ac0!8m2!3d18.9368328!4d72.8388072!16s%2Fg%2F1tdkw4bv!19sChIJq6qqetrR5zsRwHpHXpBnDog?authuser=0&hl=en&rclk=1"",""stars"":3.8,""numberOfReviews"":100}",Old Mangalam Stationers & Xerox,"{""rating"":""3.8 stars 100 Reviews""}"
JD_AKcdvR5zsR-3D70Kfzzrg,"Behramji Mansion, 12-B, Sir Phirozshah Mehta Rd",Gift shop, 022 2266 0395,18.933844,72.8347957,Avaliable,"{""type"":""In-store shopping"",""googleUrl"":""https://www.google.com/maps/place/J.+B.+Karani%27s+Sons/data=!4m7!3m6!1s0x3be7d1db710af00f:0xb8cef3a7d0fb70fb!8m2!3d18.933844!4d72.8347957!16s%2Fg%2F1ttdwx_s!19sChIJD_AKcdvR5zsR-3D70Kfzzrg?authuser=0&hl=en&rclk=1"",""stars"":4.7,""numberOfReviews"":3}",J. B. Karani's Sons,"{""rating"":""4.7 stars 3 Reviews""}"
Jg5bduybO5zsR5x01HJyKBI0,"WRXM+4XJ, Crofar Market, M Khana Road, Dhobi Talao, Chhatrapati Shivaji Terminus Area",Shopping mall,NA,18.9478472,72.8348776,Avaliable,"{""type"":""In-store shopping"",""googleUrl"":""https://www.google.com/maps/place/Royal+Touch+Shopping+Mall/data=!4m7!3m6!1s0x3be7ce26bbdd9683:0x8d048a9c1c351de7!8m2!3d18.9478472!4d72.8348776!16s%2Fg%2F12hv4dq4n!19sChIJg5bduybO5zsR5x01HJyKBI0?authuser=0&hl=en&rclk=1"",""stars"":4,""numberOfReviews"":128}",Royal Touch Shopping Mall,"{""rating"":""4.0 stars 128 Reviews""}"
JrZKRj9nR5zsRde89_oMzu-M,"65, WH Marg",Copy shop, 087790 94727,18.9382773,72.8373785,Avaliable,"{""type"":""NA"",""googleUrl"":""https://www.google.com/maps/place/Cheapest+Xerox/data=!4m7!3m6!1s0x3be7d1d98f9192ad:0xe3bb3383fe3def75!8m2!3d18.9382773!4d72.8373785!16s%2Fg%2F1pt_sw95f!19sChIJrZKRj9nR5zsRde89_oMzu-M?authuser=0&hl=en&rclk=1"",""stars"":3.9,""numberOfReviews"":255}",Cheapest Xerox,"{""rating"":""3.9 stars 255 Reviews""}"
J-8NrI-DR5zsRUPYXSOqq4bo,"Nera Central Camera, Fazal Manzil, 11, Gola Ln",Camera store, 084540 50484,18.9369747,72.8346538,Avaliable,"{""type"":""Delivery"",""googleUrl"":""https://www.google.com/maps/place/Sameer+Shop/data=!4m7!3m6!1s0x3be7d1e0236bc3fb:0xbae1aaea4817f650!8m2!3d18.9369747!4d72.8346538!16s%2Fg%2F11srl4w9xb!19sChIJ-8NrI-DR5zsRUPYXSOqq4bo?authuser=0&hl=en&rclk=1"",""stars"":5,""numberOfReviews"":1}",Sameer Shop,"{""rating"":""5.0 stars 1 Reviews""}"
JgzX55NvR5zsRPs00gZjel_c,"second Floor, Building No 18, Raja House, MK Amin Marg",Camera store, 099679 51205,18.9368828,72.834911,Avaliable,"{""type"":""In-store shopping"",""googleUrl"":""https://www.google.com/maps/place/BAG+ZONE/data=!4m7!3m6!1s0x3be7d1dbe4f93583:0xf797de988134cd3e!8m2!3d18.9368828!4d72.834911!16s%2Fg%2F11ckfqr5vb!19sChIJgzX55NvR5zsRPs00gZjel_c?authuser=0&hl=en&rclk=1"",""stars"":4.5,""numberOfReviews"":null}",BAG ZONE,"{""rating"":""4.5 stars 1,112 Reviews""}"
Jn4HKsCbO5zsRR9p6NKA65lg,"Crawford Market, Shop No. 402, Inside, Lokmanya Tilak Rd",Food products supplier, 098209 34640,18.948514,72.834815,Avaliable,"{""type"":""NA"",""googleUrl"":""https://www.google.com/maps/place/Unique+Stores/data=!4m7!3m6!1s0x3be7ce26b0ca819f:0x58e63aa0347ada47!8m2!3d18.948514!4d72.834815!16s%2Fg%2F12q4vthl7!19sChIJn4HKsCbO5zsRR9p6NKA65lg?authuser=0&hl=en&rclk=1"",""stars"":4.3,""numberOfReviews"":3}",Unique Stores,"{""rating"":""4.3 stars 3 Reviews""}"
JAYtccdnR5zsRXuLQ1jWIrRA,"Shop no. 369-370rd Lane, Crowford market",Chocolate shop, 098331 66197,18.9390648,72.8366001,Avaliable,"{""type"":""In-store shopping"",""googleUrl"":""https://www.google.com/maps/place/Center+point/data=!4m7!3m6!1s0x3be7d1d9715c8b01:0x10ad8835d6d0e25e!8m2!3d18.9390648!4d72.8366001!16s%2Fg%2F11f3njvmp7!19sChIJAYtccdnR5zsRXuLQ1jWIrRA?authuser=0&hl=en&rclk=1"",""stars"":5,""numberOfReviews"":2}",Center point,"{""rating"":""5.0 stars 2 Reviews""}"
JM2OoaLDR5zsR14ssPRIAlDs,"St George Road, CST, Khau Gali, opp. Post Office",Store,091370 56261,18.9392502,72.8374626,Avaliable,"{""type"":""NA"",""googleUrl"":""https://www.google.com/maps/place/SANJAY+KUMAR+SHOP/data=!4m7!3m6!1s0x3be7d1b068a86333:0x3b9400123d2c8bd7!8m2!3d18.9392502!4d72.8374626!16s%2Fg%2F11vynthw7z!19sChIJM2OoaLDR5zsR14ssPRIAlDs?authuser=0&hl=en&rclk=1"",""stars"":null,""numberOfReviews"":null}",SANJAY KUMAR SHOP,"{""rating"":""NA""}"
J57glCvLR5zsRQTbuDG_2VLg,"Shop No.1 Bora Bazar Pancham Puri Hotel Fort Cst, Dr Dadabhai Naoroji Rd",Store,096701 58815,18.9381615,72.8358766,Avaliable,"{""type"":""NA"",""googleUrl"":""https://www.google.com/maps/place/Shamshad+Clothes+Shop/data=!4m7!3m6!1s0x3be7d1f20a25b8e7:0xb854f66f0cee3641!8m2!3d18.9381615!4d72.8358766!16s%2Fg%2F11vll3nxmf!19sChIJ57glCvLR5zsRQTbuDG_2VLg?authuser=0&hl=en&rclk=1"",""stars"":5,""numberOfReviews"":1}",Shamshad Clothes Shop,"{""rating"":""5.0 stars 1 Reviews""}"
JlfiGAoHR5zsRUWQvmGt-h-8,"Ground Floor, Shop No 3 ,Raja House MK Amin Marg, Dr, Dr Dadabhai Naoroji Rd",Camera store,NA,18.9374332,72.8344454,Avaliable,"{""type"":""NA"",""googleUrl"":""https://www.google.com/maps/place/Bombay+photo+stores/data=!4m7!3m6!1s0x3be7d1810286f895:0xef877e6b982f6451!8m2!3d18.9374332!4d72.8344454!16s%2Fg%2F11y2jf_3lw!19sChIJlfiGAoHR5zsRUWQvmGt-h-8?authuser=0&hl=en&rclk=1"",""stars"":5,""numberOfReviews"":1}",Bombay photo stores,"{""rating"":""5.0 stars 1 Reviews""}"
J5eXHudzR5zsRLq9wTIQyyJ4,"45, Veer Nariman Rd, near Flora Fountain",Men's clothing store, 022 2204 3921,18.9321657,72.8321941,Avaliable,"{""type"":""In-store shopping"",""googleUrl"":""https://www.google.com/maps/place/Akbarallys+Men/data=!4m7!3m6!1s0x3be7d1dcb9c7e5e5:0x9ec832844c70af2e!8m2!3d18.9321657!4d72.8321941!16s%2Fg%2F1tdvyc9w!19sChIJ5eXHudzR5zsRLq9wTIQyyJ4?authuser=0&hl=en&rclk=1"",""stars"":3.9,""numberOfReviews"":117}",Akbarallys Men,"{""rating"":""3.9 stars 117 Reviews""}"
J6zB9si7R5zsRwaLi6vU6utM,"Shop No, CST Station, 2, Modi St",Shoe store, 090224 61085,18.9383993,72.8364731,Avaliable,"{""type"":""NA"",""googleUrl"":""https://www.google.com/maps/place/Raju+Shoe%27s/data=!4m7!3m6!1s0x3be7d12eb27d30eb:0xd3ba3af5eae2a2c1!8m2!3d18.9383993!4d72.8364731!16s%2Fg%2F11ptqb174y!19sChIJ6zB9si7R5zsRwaLi6vU6utM?authuser=0&hl=en&rclk=1"",""stars"":null,""numberOfReviews"":null}",Raju Shoe's,"{""rating"":""NA""}"
JjWLCgNnR5zsR5yGp8pkyW_0,"35, Mint Rd, near POSATAL LIFE INSURANCE MGPO 400001",Pharmacy, 096195 41887,18.9376903,72.8371515,Avaliable,"{""type"":""In-store shopping"",""googleUrl"":""https://www.google.com/maps/place/Porwal+Medical+%26+General+Stores/data=!4m7!3m6!1s0x3be7d1d980c2628d:0xfd5b3299f2a921e7!8m2!3d18.9376903!4d72.8371515!16s%2Fg%2F1td6qpx2!19sChIJjWLCgNnR5zsR5yGp8pkyW_0?authuser=0&hl=en&rclk=1"",""stars"":3.6,""numberOfReviews"":8}",Porwal Medical & General Stores,"{""rating"":""3.6 stars 8 Reviews""}"
JG8wvVgXR5zsREM70pkYkaeg,"SHOP NO 3, GRD FLR, ABBAS BLDG",Store, 098200 14729,18.9363165,72.8353462,Avaliable,"{""type"":""NA"",""googleUrl"":""https://www.google.com/maps/place/VODAFONE+MINI+STORE/data=!4m7!3m6!1s0x3be7d105562fcc1b:0xe8692446a6f4ce10!8m2!3d18.9363165!4d72.8353462!16s%2Fg%2F11kb1_rzly!19sChIJG8wvVgXR5zsREM70pkYkaeg?authuser=0&hl=en&rclk=1"",""stars"":null,""numberOfReviews"":null}",VODAFONE MINI STORE,"{""rating"":""NA""}"
JH1q0mNnR5zsRPZppfvtqHTc,"82/86, Narayan Bhavan, Perin Nariman St",Stationery store, 022 2270 1036,18.9368272,72.8357664,Avaliable,"{""type"":""In-store shopping"",""googleUrl"":""https://www.google.com/maps/place/Sanghvi+Stationery+%26+Xerox/data=!4m7!3m6!1s0x3be7d1d998b45a1f:0x371d6afb7e699a3d!8m2!3d18.9368272!4d72.8357664!16s%2Fg%2F1tdzdgck!19sChIJH1q0mNnR5zsRPZppfvtqHTc?authuser=0&hl=en&rclk=1"",""stars"":3,""numberOfReviews"":3}",Sanghvi Stationery & Xerox,"{""rating"":""3.0 stars 3 Reviews""}"
JV7RvZdnR5zsRGJbZrVZXEX4,"Shop No.1 Opp Pancham Puriwala, Borabazar Precinct, Bazargate, Perin Nariman Stree",Tobacco shop, 093241 57747,18.9381036,72.8358178,Avaliable,"{""type"":""NA"",""googleUrl"":""https://www.google.com/maps/place/Rajesh+Pan+Shop/data=!4m7!3m6!1s0x3be7d1d9656fb457:0x7e115756add99618!8m2!3d18.9381036!4d72.8358178!16s%2Fg%2F11rqslt5hn!19sChIJV7RvZdnR5zsRGJbZrVZXEX4?authuser=0&hl=en&rclk=1"",""stars"":null,""numberOfReviews"":null}",Rajesh Pan Shop,"{""rating"":""NA""}"
JKb4EudvR5zsRMoVSRhhh7QE,"125/127, Perin Nariman St",Threads & Yarns Wholesaler,NA,18.9364241,72.8357715,Avaliable,"{""type"":""NA"",""googleUrl"":""https://www.google.com/maps/place/Pradhan+Embroidery+Stores/data=!4m7!3m6!1s0x3be7d1dbb904be29:0x1ed611846528532!8m2!3d18.9364241!4d72.8357715!16s%2Fg%2F1tcvmrfk!19sChIJKb4EudvR5zsRMoVSRhhh7QE?authuser=0&hl=en&rclk=1"",""stars"":4.8,""numberOfReviews"":505}",Pradhan Embroidery Stores,"{""rating"":""4.8 stars 505 Reviews""}"
JN996uNzR5zsROTiVolbyBts,"Shop No.7, Teekays Shopping Centre, 39, V.N. Road, Next To Akbarally's, Fountain",Gift shop, 098927 78227,18.9322014,72.832401,Avaliable,"{""type"":""In-store shopping"",""googleUrl"":""https://www.google.com/maps/place/Buy-N-Bye+Collections/data=!4m7!3m6!1s0x3be7d1dcb87adf37:0xdb06f256a2953839!8m2!3d18.9322014!4d72.832401!16s%2Fg%2F11cjpb_tbl!19sChIJN996uNzR5zsROTiVolbyBts?authuser=0&hl=en&rclk=1"",""stars"":2,""numberOfReviews"":1}",Buy-N-Bye Collections,"{""rating"":""2.0 stars 1 Reviews""}"
J2-I4ZpjR5zsREpXkE4aXVWc,"CST Building, shop no 2, d n road, fine mansion, near cafe shaheen restaurant",Shoe store,062032 99423,18.9371499,72.834287,Avaliable,"{""type"":""NA"",""googleUrl"":""https://www.google.com/maps/place/Ramdas+cloth+shop/data=!4m7!3m6!1s0x3be7d1986638e2db:0x6755978613e49512!8m2!3d18.9371499!4d72.834287!16s%2Fg%2F11l37b4tsc!19sChIJ2-I4ZpjR5zsREpXkE4aXVWc?authuser=0&hl=en&rclk=1"",""stars"":null,""numberOfReviews"":null}",Ramdas cloth shop,"{""rating"":""NA""}"
J51ZfLoHR5zsRtdYVDnRQLmM,"Centre For Social Transformation, 11, Gola Lane, Fazal Manzil, Central Camera Galli",Camera store, 084540 50484,18.9369747,72.8346538,Avaliable,"{""type"":""In-store shopping"",""googleUrl"":""https://www.google.com/maps/place/CAMERA+PHOTO+STORE/data=!4m7!3m6!1s0x3be7d1812e5f56e7:0x632e50740e15d6b5!8m2!3d18.9369747!4d72.8346538!16s%2Fg%2F11p14xgygn!19sChIJ51ZfLoHR5zsRtdYVDnRQLmM?authuser=0&hl=en&rclk=1"",""stars"":4.7,""numberOfReviews"":3}",CAMERA PHOTO STORE,"{""rating"":""4.7 stars 3 Reviews""}"
JjTcLnd7R5zsRwZy79Ha2x7A,"Ground Floor, Godrej Bhavan, Plot No 4A, Charanjit Rai Marg, opposite Bombay Gymkhana Club",Furniture store, 082919 59863,18.9365145,72.8331249,Avaliable,"{""type"":""In-store shopping"",""googleUrl"":""https://www.google.com/maps/place/Godrej+Interio+-+Furniture+Store+in+Fort,+Mumbai/data=!4m7!3m6!1s0x3be7d1de9d0b378d:0xb0c7b676f4bb9cc1!8m2!3d18.9365145!4d72.8331249!16s%2Fg%2F12qh0ntw3!19sChIJjTcLnd7R5zsRwZy79Ha2x7A?authuser=0&hl=en&rclk=1"",""stars"":4.7,""numberOfReviews"":129}","Godrej Interio - Furniture Store in Fort, Mumbai","{""rating"":""4.7 stars 129 Reviews""}"
JnZ8u29vR5zsRZhFroF0X63Y,"Shop No, 105, Perin Nariman St",Pharmacy, 080977 30642,18.9365488,72.835914,Avaliable,"{""type"":""Delivery"",""googleUrl"":""https://www.google.com/maps/place/Super+Medical+%26+General+Stores/data=!4m7!3m6!1s0x3be7d1dbdb2e9f9d:0x76eb175da06b1166!8m2!3d18.9365488!4d72.835914!16s%2Fg%2F11tf41fv2q!19sChIJnZ8u29vR5zsRZhFroF0X63Y?authuser=0&hl=en&rclk=1"",""stars"":null,""numberOfReviews"":null}",Super Medical & General Stores,"{""rating"":""NA""}"
JobYFjdnR5zsRnpPsn0clzWo,"49, Walchand Hirachand Marg, Near G P O, Indra Docks, First Street, Walchand Hirachand Marg",General store,022 2261 3570,18.9381782,72.837384,Avaliable,"{""type"":""NA"",""googleUrl"":""https://www.google.com/maps/place/Ramesh+Stores/data=!4m7!3m6!1s0x3be7d1d98d05b6a1:0x6acd25479fec939e!8m2!3d18.9381782!4d72.837384!16s%2Fg%2F1w663wq8!19sChIJobYFjdnR5zsRnpPsn0clzWo?authuser=0&hl=en&rclk=1"",""stars"":5,""numberOfReviews"":1}",Ramesh Stores,"{""rating"":""5.0 stars 1 Reviews""}"
JVXPqNR_O5zsRlpNdyFSrU9c,"503/505, Lotlikar Mansion, Jagannath Shankar Seth Rd, opposite S.K. Shah Jewellers",General store, 098929 26060,18.947808,72.8264481,Avaliable,"{""type"":""In-store shopping"",""googleUrl"":""https://www.google.com/maps/place/Lucky+General+Store/data=!4m7!3m6!1s0x3be7ce1f35ea7355:0xd753ab54c85d9396!8m2!3d18.947808!4d72.8264481!16s%2Fg%2F1tsyn7l1!19sChIJVXPqNR_O5zsRlpNdyFSrU9c?authuser=0&hl=en&rclk=1"",""stars"":3.8,""numberOfReviews"":4}",Lucky General Store,"{""rating"":""3.8 stars 4 Reviews""}"
JQ-nb7SHO5zsRM545LYMBW3Q,"Shop No. 3, Dr MB Velkar St",Grocery store, 079772 65489,18.9476766,72.8279144,Avaliable,"{""type"":""NA"",""googleUrl"":""https://www.google.com/maps/place/Modern+Stores/data=!4m7!3m6!1s0x3be7ce21eddbe943:0x745b01832d399e33!8m2!3d18.9476766!4d72.8279144!16s%2Fg%2F1ptyp479d!19sChIJQ-nb7SHO5zsRM545LYMBW3Q?authuser=0&hl=en&rclk=1"",""stars"":5,""numberOfReviews"":1}",Modern Stores,"{""rating"":""5.0 stars 1 Reviews""}"
JoWH_Tx_O5zsRp0EKI5PbUHY,Shop no 62 M V Vellar Street,General store, 093726 32445,18.9473953,72.8272007,Avaliable,"{""type"":""NA"",""googleUrl"":""https://www.google.com/maps/place/Shree+Siddhivinayak+Provision+Store/data=!4m7!3m6!1s0x3be7ce1f4fff61a1:0x7650db93230a41a7!8m2!3d18.9473953!4d72.8272007!16s%2Fg%2F1ptxwtd52!19sChIJoWH_Tx_O5zsRp0EKI5PbUHY?authuser=0&hl=en&rclk=1"",""stars"":null,""numberOfReviews"":null}",Shree Siddhivinayak Provision Store,"{""rating"":""NA""}"
J2SN08CHO5zsRUGp3QMgmpmQ,"Shop No 406/A, Kalbadevi Rd",General store, 097691 65558,18.9476474,72.8286699,Avaliable,"{""type"":""In-store shopping"",""googleUrl"":""https://www.google.com/maps/place/A+V+Kutty+General+Store/data=!4m7!3m6!1s0x3be7ce21f07423d9:0x64a626c840776a50!8m2!3d18.9476474!4d72.8286699!16s%2Fg%2F11sqczky5q!19sChIJ2SN08CHO5zsRUGp3QMgmpmQ?authuser=0&hl=en&rclk=1"",""stars"":null,""numberOfReviews"":null}",A V Kutty General Store,"{""rating"":""NA""}"
JU-eczhjO5zsR9wQL0woadb0,"Plumber House, 557, Jagannath Shankar Seth Rd",Indian grocery store, 091370 95075,18.94709,72.8268298,Avaliable,"{""type"":""In-store shopping"",""googleUrl"":""https://www.google.com/maps/place/V.K.+Stores/data=!4m7!3m6!1s0x3be7ce18ce9ce753:0xbd751a0ad30b04f7!8m2!3d18.94709!4d72.8268298!16s%2Fg%2F11b7jf24c8!19sChIJU-eczhjO5zsR9wQL0woadb0?authuser=0&hl=en&rclk=1"",""stars"":4.7,""numberOfReviews"":6}",V.K. Stores,"{""rating"":""4.7 stars 6 Reviews""}"
J4bkRLurP5zsRJ_1XU7sPvkU,"Gaiwadi X Lane No. 7, Below Royal Avenue Tower, Dr Viegas St",Indian grocery store, 079000 80636,18.9490211,72.8273759,Avaliable,"{""type"":""In-store shopping"",""googleUrl"":""https://www.google.com/maps/place/The+Sasta+Store/data=!4m7!3m6!1s0x3be7cfea2e11b9e1:0x45be0fbb5357fd27!8m2!3d18.9490211!4d72.8273759!16s%2Fg%2F11k1m4f1w9!19sChIJ4bkRLurP5zsRJ_1XU7sPvkU?authuser=0&hl=en&rclk=1"",""stars"":5,""numberOfReviews"":3}",The Sasta Store,"{""rating"":""5.0 stars 3 Reviews""}"
JlcxpopjP5zsR7HKmJF7DAuc,"166, Dadiseth Agiyari Ln",Dry Fruit Store,NA,18.9495117,72.8258329,Avaliable,"{""type"":""In-store shopping"",""googleUrl"":""https://www.google.com/maps/place/Venus+Dryfruit+Store/data=!4m7!3m6!1s0x3be7cf98a269cc95:0xe702c35e24a672ec!8m2!3d18.9495117!4d72.8258329!16s%2Fg%2F11m7zjf1yc!19sChIJlcxpopjP5zsR7HKmJF7DAuc?authuser=0&hl=en&rclk=1"",""stars"":null,""numberOfReviews"":null}",Venus Dryfruit Store,"{""rating"":""NA""}"
Jf9atuhjO5zsRPw1cLi6TOS0,"WRXG+JWJ, Marine Line East, Kalbadevi Rd",Dry Fruit Store, 098191 44100,18.949077,72.827275,Avaliable,"{""type"":""In-store shopping"",""googleUrl"":""https://www.google.com/maps/place/Kahan+Store/data=!4m7!3m6!1s0x3be7ce18baadd67f:0x2d39932e2e5c0d3f!8m2!3d18.949077!4d72.827275!16s%2Fg%2F1ptzq7hyr!19sChIJf9atuhjO5zsRPw1cLi6TOS0?authuser=0&hl=en&rclk=1"",""stars"":4.5,""numberOfReviews"":2}",Kahan Store,"{""rating"":""4.5 stars 2 Reviews""}"
J5SFFzhjO5zsRRyrjEExnq_c,"453, Dr Vigas St",General store, 098194 99445,18.9484494,72.8258214,Avaliable,"{""type"":""In-store shopping"",""googleUrl"":""https://www.google.com/maps/place/Mhambrey+Stores/data=!4m7!3m6!1s0x3be7ce18ce4521e5:0xf7ab674c10e32a47!8m2!3d18.9484494!4d72.8258214!16s%2Fg%2F11bzt6_s59!19sChIJ5SFFzhjO5zsRRyrjEExnq_c?authuser=0&hl=en&rclk=1"",""stars"":4.4,""numberOfReviews"":10}",Mhambrey Stores,"{""rating"":""4.4 stars 10 Reviews""}"
J34uHWh_O5zsRAAAA0NW6R0U,"Shop No 17, Dr MB Velkar St",General store, 080803 16789,18.9473747,72.8273583,Avaliable,"{""type"":""NA"",""googleUrl"":""https://www.google.com/maps/place/Gayatri+Dry+Fruits+%26+General+Store/data=!4m7!3m6!1s0x3be7ce1f5a878bdf:0x4547bad5d0000000!8m2!3d18.9473747!4d72.8273583!16s%2Fg%2F11s0flf3vm!19sChIJ34uHWh_O5zsRAAAA0NW6R0U?authuser=0&hl=en&rclk=1"",""stars"":4.7,""numberOfReviews"":6}",Gayatri Dry Fruits & General Store,"{""rating"":""4.7 stars 6 Reviews""}"
JI7tEQyHO5zsRuTjOqMuKZwk,"Shop no. 21, 390, Sheikh Memon St",Fabric store,NA,18.9478516,72.8326657,Avaliable,"{""type"":""Delivery"",""googleUrl"":""https://www.google.com/maps/place/Shop+no.+21/data=!4m7!3m6!1s0x3be7ce214344bb23:0x9678acba8ce38b9!8m2!3d18.9478516!4d72.8326657!16s%2Fg%2F11f5ggn2vw!19sChIJI7tEQyHO5zsRuTjOqMuKZwk?authuser=0&hl=en&rclk=1"",""stars"":4.7,""numberOfReviews"":16}",Shop no. 21,"{""rating"":""4.7 stars 16 Reviews""}"
J-Vsvm43P5zsRT-TGKnEEK0s,Shop No 1,Grocery store, 098920 22461,18.946495,72.8263488,Avaliable,"{""type"":""In-store shopping"",""googleUrl"":""https://www.google.com/maps/place/Mahesh+Store/data=!4m7!3m6!1s0x3be7cf8d9b2f5bf9:0x4b2b04712ac6e44f!8m2!3d18.946495!4d72.8263488!16s%2Fg%2F11pc9y3p6k!19sChIJ-Vsvm43P5zsRT-TGKnEEK0s?authuser=0&hl=en&rclk=1"",""stars"":null,""numberOfReviews"":null}",Mahesh Store,"{""rating"":""NA""}"
JXbzMHqTP5zsRZTkdooheGzM,"2/C Yatin Mansion, Kalbadevi Rd",General store,070215 85631,18.9467646,72.8285104,Avaliable,"{""type"":""NA"",""googleUrl"":""https://www.google.com/maps/place/Rishi+General+Store/data=!4m7!3m6!1s0x3be7cfa41eccbc5d:0x331b5e88a21d3965!8m2!3d18.9467646!4d72.8285104!16s%2Fg%2F11rpq324v4!19sChIJXbzMHqTP5zsRZTkdooheGzM?authuser=0&hl=en&rclk=1"",""stars"":null,""numberOfReviews"":null}",Rishi General Store,"{""rating"":""NA""}"
Jf1S3kLjP5zsRWy7CYqJbT6U,"Ramwadi, Bhaji, Gully, Jagruti Mataji Marg",Disposable Items shop, 093228 52190,18.9507349,72.8280332,Avaliable,"{""type"":""In-store shopping"",""googleUrl"":""https://www.google.com/maps/place/Shreeji+Store/data=!4m7!3m6!1s0x3be7cfb890b7547f:0xa54f5ba262c22e5b!8m2!3d18.9507349!4d72.8280332!16s%2Fg%2F11jzz0qzym!19sChIJf1S3kLjP5zsRWy7CYqJbT6U?authuser=0&hl=en&rclk=1"",""stars"":5,""numberOfReviews"":12}",Shreeji Store,"{""rating"":""5.0 stars 12 Reviews""}"
Ji01eFIDP5zsRMeGjqDFDdzA,"WRXH+GH Mani Mahal, 353, Kalbadevi Rd",Saree Shop,NA,18.9488689,72.8288326,Avaliable,"{""type"":""In-store shopping"",""googleUrl"":""https://www.google.com/maps/place/Mahavir_sarees/data=!4m7!3m6!1s0x3be7cf80145e4d8b:0x30774331a8a3e131!8m2!3d18.9488689!4d72.8288326!16s%2Fg%2F11srqqd899!19sChIJi01eFIDP5zsRMeGjqDFDdzA?authuser=0&hl=en&rclk=1"",""stars"":5,""numberOfReviews"":1}",Mahavir_sarees,"{""rating"":""5.0 stars 1 Reviews""}"
J6XM-ex_O5zsRJ8rTu9XY1ZM,"602, J.S. Seth Road Next To Wadia Compound Chirabazar, Mumbai400002",General store, 097696 56169,18.945933,72.827365,Avaliable,"{""type"":""In-store shopping"",""googleUrl"":""https://www.google.com/maps/place/Gandhi+General+Store/data=!4m7!3m6!1s0x3be7ce1f7b3e73e9:0x93d5d8d5bbd3ca27!8m2!3d18.945933!4d72.827365!16s%2Fg%2F1ptxmrtxb!19sChIJ6XM-ex_O5zsRJ8rTu9XY1ZM?authuser=0&hl=en&rclk=1"",""stars"":4,""numberOfReviews"":1}",Gandhi General Store,"{""rating"":""4.0 stars 1 Reviews""}"
JGfAK-pjP5zsRdpGqa8-nyxc,"No: 328/330, 135/136, Sheikh Memon St, Mangaldas Market, opposite Jumma Masjid",Traditional market,NA,18.9487846,72.832437,Avaliable,"{""type"":""\""Some shops can be expensive\"""",""googleUrl"":""https://www.google.com/maps/place/Kalbadevi+street+market/data=!4m7!3m6!1s0x3be7cf98fa0af019:0x17cba7cf6baa9176!8m2!3d18.9487846!4d72.832437!16s%2Fg%2F11fprw0jf0!19sChIJGfAK-pjP5zsRdpGqa8-nyxc?authuser=0&hl=en&rclk=1"",""stars"":4.2,""numberOfReviews"":903}",Kalbadevi street market,"{""rating"":""4.2 stars 903 Reviews""}"
JgaZwpRjO5zsRR_VYGkFzQfs,"173, Dr Viegas St",Clothing store,NA,18.9487355,72.8272913,Avaliable,"{""type"":""In-store shopping"",""googleUrl"":""https://www.google.com/maps/place/ROYAL+SQUARE/data=!4m7!3m6!1s0x3be7ce18a570a681:0xfb4173411a58f547!8m2!3d18.9487355!4d72.8272913!16s%2Fg%2F11g9m93gbd!19sChIJgaZwpRjO5zsRR_VYGkFzQfs?authuser=0&hl=en&rclk=1"",""stars"":4.1,""numberOfReviews"":41}",ROYAL SQUARE,"{""rating"":""4.1 stars 41 Reviews""}"
JAWkQgRjO5zsRDj8-BRkgthc,"Shop No 4, 124, Dadiseth Agyari Lane",Pen store, 090494 44295,18.9499901,72.8264249,Avaliable,"{""type"":""In-store shopping"",""googleUrl"":""https://www.google.com/maps/place/Computer+Stationery/data=!4m7!3m6!1s0x3be7ce1881106901:0x17b62019053e3f0e!8m2!3d18.9499901!4d72.8264249!16s%2Fg%2F1tjgn1rp!19sChIJAWkQgRjO5zsRDj8-BRkgthc?authuser=0&hl=en&rclk=1"",""stars"":4.3,""numberOfReviews"":11}",Computer Stationery,"{""rating"":""4.3 stars 11 Reviews""}"
J1d4aEj3O5zsRdt1Dw43PRbQ,"Shop No #3,88, Manohar Bhavan, A Merchant Rd",Dry Fruit Store, 093230 39655,18.9515028,72.8276195,Avaliable,"{""type"":""In-store shopping"",""googleUrl"":""https://www.google.com/maps/place/Sapan+Papadwala+%26+General+Stores/data=!4m7!3m6!1s0x3be7ce3d121aded5:0xb445cf8dc343dd76!8m2!3d18.9515028!4d72.8276195!16s%2Fg%2F11c71gst29!19sChIJ1d4aEj3O5zsRdt1Dw43PRbQ?authuser=0&hl=en&rclk=1"",""stars"":4.3,""numberOfReviews"":436}",Sapan Papadwala & General Stores,"{""rating"":""4.3 stars 436 Reviews""}"
J7WNmId3P5zsRRtJyXbC70H4,"Soni Sadan, 437/439/441, Jagannath Shankar Seth Rd, opp. Sahyadri Bank",Grocery store,093218 42699,18.9483528,72.8259269,Avaliable,"{""type"":""NA"",""googleUrl"":""https://www.google.com/maps/place/Rajaram+Stores/data=!4m7!3m6!1s0x3be7cfdd216663ed:0x7ed0bbb05d72d246!8m2!3d18.9483528!4d72.8259269!16s%2Fg%2F11l2ctw4ht!19sChIJ7WNmId3P5zsRRtJyXbC70H4?authuser=0&hl=en&rclk=1"",""stars"":null,""numberOfReviews"":null}",Rajaram Stores,"{""rating"":""NA""}"
JA0-XGyLO5zsRqhMtV1nfx6U,"365, Kalbadevi Rd",Sweet shop, 022 2207 9343,18.9485009,72.8289888,Avaliable,"{""type"":""In-store shopping"",""googleUrl"":""https://www.google.com/maps/place/Agrawal+Sweets/data=!4m7!3m6!1s0x3be7ce221b974f03:0xa5c7df59572d13aa!8m2!3d18.9485009!4d72.8289888!16s%2Fg%2F11g7z518zg!19sChIJA0-XGyLO5zsRqhMtV1nfx6U?authuser=0&hl=en&rclk=1"",""stars"":3.9,""numberOfReviews"":50}",Agrawal Sweets,"{""rating"":""3.9 stars 50 Reviews""}"
JS00LZd7R5zsRStl7RiPGvu0,"310, Kalbadevi, Road, Near Kakad Market",Men's clothing store, 070215 85450,18.9493348,72.8287103,Avaliable,"{""type"":""In-store shopping"",""googleUrl"":""https://www.google.com/maps/place/KDM+ETHNIC+%28naveens+nx%29/data=!4m7!3m6!1s0x3be7d1de650b4d4b:0xedbec623467bd94a!8m2!3d18.9493348!4d72.8287103!16s%2Fg%2F11bx2ljl48!19sChIJS00LZd7R5zsRStl7RiPGvu0?authuser=0&hl=en&rclk=1"",""stars"":4.2,""numberOfReviews"":81}",KDM ETHNIC (naveens nx),"{""rating"":""4.2 stars 81 Reviews""}"
Jq6qq6hjO5zsRQB5G3Gkv-9U,"426, Parekh Niwas",Computer store, 022 2205 8703,18.948969,72.825297,Avaliable,"{""type"":""In-store shopping"",""googleUrl"":""https://www.google.com/maps/place/Pramanik+Stores/data=!4m7!3m6!1s0x3be7ce18eaaaaaab:0xd5fb2f69dc461e40!8m2!3d18.948969!4d72.825297!16s%2Fg%2F1tdkw48k!19sChIJq6qq6hjO5zsRQB5G3Gkv-9U?authuser=0&hl=en&rclk=1"",""stars"":4.3,""numberOfReviews"":7}",Pramanik Stores,"{""rating"":""4.3 stars 7 Reviews""}"
J6UiV6n7P5zsR4xekbDdee0w,Shop No. 1,Supermarket, 090043 21641,18.9486368,72.826212,Avaliable,"{""type"":""In-store shopping"",""googleUrl"":""https://www.google.com/maps/place/Jagannath+Superstore/data=!4m7!3m6!1s0x3be7cf7eea9548e9:0x4c7b5e376ca417e3!8m2!3d18.9486368!4d72.826212!16s%2Fg%2F11smmjk3yk!19sChIJ6UiV6n7P5zsR4xekbDdee0w?authuser=0&hl=en&rclk=1"",""stars"":4.6,""numberOfReviews"":5}",Jagannath Superstore,"{""rating"":""4.6 stars 5 Reviews""}"
JtfkfMh_O5zsRaPb0298lb88,"WRXG+3C7, Chira Bazaar, Srikant Palekar Road",General store, 022 2209 4278,18.947668,72.826057,Avaliable,"{""type"":""In-store shopping"",""googleUrl"":""https://www.google.com/maps/place/Bharat+Store/data=!4m7!3m6!1s0x3be7ce1f321ff9b5:0xcf6f25dfdbf4f668!8m2!3d18.947668!4d72.826057!16s%2Fg%2F1pty2qbf8!19sChIJtfkfMh_O5zsRaPb0298lb88?authuser=0&hl=en&rclk=1"",""stars"":null,""numberOfReviews"":null}",Bharat Store,"{""rating"":""NA""}"
Jk6qqDiHO5zsRorvdJDkugO4,"509, 5th Floor, Earth Baug, Shamaldas Gandhi Marg",Electrical supply store, 091670 43489,18.9470661,72.8300206,Avaliable,"{""type"":""In-store shopping"",""googleUrl"":""https://www.google.com/maps/place/Labdhi+Enterprise+Shop/data=!4m7!3m6!1s0x3be7ce210eaaaa93:0xee802e3924ddbba2!8m2!3d18.9470661!4d72.8300206!16s%2Fg%2F1pt_5np07!19sChIJk6qqDiHO5zsRorvdJDkugO4?authuser=0&hl=en&rclk=1"",""stars"":4.5,""numberOfReviews"":2}",Labdhi Enterprise Shop,"{""rating"":""4.5 stars 2 Reviews""}"
JOeGezBjO5zsRsczbVQKqk3A,"shop no. 2, 479, Jagannath Shankar Seth Rd",Clothing store, 098696 65304,18.9482085,72.8261724,Avaliable,"{""type"":""In-store shopping"",""googleUrl"":""https://www.google.com/maps/place/The+Seed+Store/data=!4m7!3m6!1s0x3be7ce18cc9ee139:0x7093aa0255dbccb1!8m2!3d18.9482085!4d72.8261724!16s%2Fg%2F1ptxvf45g!19sChIJOeGezBjO5zsRsczbVQKqk3A?authuser=0&hl=en&rclk=1"",""stars"":3.9,""numberOfReviews"":41}",The Seed Store,"{""rating"":""3.9 stars 41 Reviews""}"
JXeRZVb3P5zsR-72YlAQp8UM,"Temple, 131/133, Shop No 3, Narottamdas Building, Kalbadevi Rd, opp. Kalbadevi",Electronics store, 090827 10548,18.9485006,72.8289606,Avaliable,"{""type"":""In-store shopping"",""googleUrl"":""https://www.google.com/maps/place/My+Jio+Store/data=!4m7!3m6!1s0x3be7cfbd5559e45d:0x43f129049498bdfb!8m2!3d18.9485006!4d72.8289606!16s%2Fg%2F11g0l8y9hy!19sChIJXeRZVb3P5zsR-72YlAQp8UM?authuser=0&hl=en&rclk=1"",""stars"":4.1,""numberOfReviews"":128}",My Jio Store,"{""rating"":""4.1 stars 128 Reviews""}"
JJU97byHO5zsRsOvSa8k8YzQ,"Shop No, 348-A,Mangalds Market, S.G. Marg",Tea store, 099209 15774,18.949454,72.8299986,Avaliable,"{""type"":""\""Good shopping place .\"""",""googleUrl"":""https://www.google.com/maps/place/Mangaldas+Market+Tea+House/data=!4m7!3m6!1s0x3be7ce216f7b4f25:0x34633cc96bd2ebb0!8m2!3d18.949454!4d72.8299986!16s%2Fg%2F11ckg7x38y!19sChIJJU97byHO5zsRsOvSa8k8YzQ?authuser=0&hl=en&rclk=1"",""stars"":4.1,""numberOfReviews"":58}",Mangaldas Market Tea House,"{""rating"":""4.1 stars 58 Reviews""}"
JWW1K9-3P5zsRVkUpvL8QnuM,"Shop No 8, Kalbadevi Rd, nr. Ghag Optical",General store,098337 41556,18.9491873,72.8291611,Avaliable,"{""type"":""NA"",""googleUrl"":""https://www.google.com/maps/place/Ankush+Chorge+Shop/data=!4m7!3m6!1s0x3be7cfedf74a6d59:0xe39e10bfbc294556!8m2!3d18.9491873!4d72.8291611!16s%2Fg%2F11y1n20bqt!19sChIJWW1K9-3P5zsRVkUpvL8QnuM?authuser=0&hl=en&rclk=1"",""stars"":null,""numberOfReviews"":null}",Ankush Chorge Shop,"{""rating"":""NA""}"
J83ENECLO5zsR7mwYv9pEdYA,"342, Kalbadevi Rd",Clothing store,NA,18.94902,72.8287369,Avaliable,"{""type"":""In-store shopping"",""googleUrl"":""https://www.google.com/maps/place/Carron+Nx/data=!4m7!3m6!1s0x3be7ce22100d71f3:0x807544dabf186cee!8m2!3d18.94902!4d72.8287369!16s%2Fg%2F1tfq7pxs!19sChIJ83ENECLO5zsR7mwYv9pEdYA?authuser=0&hl=en&rclk=1"",""stars"":4.1,""numberOfReviews"":null}",Carron Nx,"{""rating"":""4.1 stars 1,044 Reviews""}"
Je6FKXSHO5zsRIZXfO90jgUI,"Shop No-256/279, 7th Lane Ghadial Gally, Mangaldas Market",Fabric store, 090297 08909,18.948246,72.832498,Avaliable,"{""type"":""In-store shopping"",""googleUrl"":""https://www.google.com/maps/place/Maheshkumar+Bhavanishankar+And+Company/data=!4m7!3m6!1s0x3be7ce215d4aa17b:0x428123dd3bdf9521!8m2!3d18.948246!4d72.832498!16s%2Fg%2F1tdxjb54!19sChIJe6FKXSHO5zsRIZXfO90jgUI?authuser=0&hl=en&rclk=1"",""stars"":3.7,""numberOfReviews"":3}",Maheshkumar Bhavanishankar And Company,"{""rating"":""3.7 stars 3 Reviews""}"
Jz3PX6yLO5zsRIXiimBphvTg,"Shop, 365/A, Kalbadevi Rd, opposite Kalika Mandir",Men's clothing store, 022 2205 8801,18.948546,72.8289713,Avaliable,"{""type"":""In-store shopping"",""googleUrl"":""https://www.google.com/maps/place/Girija+Men%27s+Fashions/data=!4m7!3m6!1s0x3be7ce22ebd773cf:0x38bd611a98a27821!8m2!3d18.948546!4d72.8289713!16s%2Fg%2F1tdzk0fs!19sChIJz3PX6yLO5zsRIXiimBphvTg?authuser=0&hl=en&rclk=1"",""stars"":3.9,""numberOfReviews"":17}",Girija Men's Fashions,"{""rating"":""3.9 stars 17 Reviews""}"
JeVAbDCLO5zsRqZu0X6W4anc,"Shop No.16, Shami Gali, Swadeshi Market,, Kalbadevi Rd",Clothing store, 093227 70427,18.9493386,72.828333,Avaliable,"{""type"":""In-store shopping"",""googleUrl"":""https://www.google.com/maps/place/V.M.+Sarees/data=!4m7!3m6!1s0x3be7ce220c1b5079:0x776ab8a55fb49ba9!8m2!3d18.9493386!4d72.828333!16s%2Fg%2F1tk9p73q!19sChIJeVAbDCLO5zsRqZu0X6W4anc?authuser=0&hl=en&rclk=1"",""stars"":null,""numberOfReviews"":null}",V.M. Sarees,"{""rating"":""NA""}"
Jg3Rf7iLO5zsReO9DDChOCis,"188, amba bhuvan, Kalbadevi Rd, opp. Cotton Exchange",Clothing store, 022 2240 4449,18.9518126,72.8295771,Avaliable,"{""type"":""In-store shopping"",""googleUrl"":""https://www.google.com/maps/place/Carron+clothing+pvt+ltd/data=!4m7!3m6!1s0x3be7ce22ee5f7483:0x2b0a4e280c43ef78!8m2!3d18.9518126!4d72.8295771!16s%2Fg%2F1tm1125d!19sChIJg3Rf7iLO5zsReO9DDChOCis?authuser=0&hl=en&rclk=1"",""stars"":4.2,""numberOfReviews"":null}",Carron clothing pvt ltd,"{""rating"":""4.2 stars 1,167 Reviews""}"
JKeGsICLO5zsRKxi-ug5NTHs,"Shop No, 76/86, Laxmi Bhuvan, Ground Floor, 5, Old Hanuman Ln",Bridal shop, 099304 94454,18.9483805,72.8297497,Avaliable,"{""type"":""In-store shopping"",""googleUrl"":""https://www.google.com/maps/place/Sitara/data=!4m7!3m6!1s0x3be7ce2220ace129:0x7b4c4d0ebabe182b!8m2!3d18.9483805!4d72.8297497!16s%2Fg%2F1ptv_zqnh!19sChIJKeGsICLO5zsRKxi-ug5NTHs?authuser=0&hl=en&rclk=1"",""stars"":3.1,""numberOfReviews"":7}",Sitara,"{""rating"":""3.1 stars 7 Reviews""}"
JxWHWDSLO5zsR29rOsaR4UMs,"Shop no.9, Shammi Gally, Swadeshi Market, Kalbadevi Rd",Clothing store, 022 2205 5520,18.9493248,72.8284767,Avaliable,"{""type"":""In-store shopping"",""googleUrl"":""https://www.google.com/maps/place/Shree+Riddhi+Siddhi+Creation/data=!4m7!3m6!1s0x3be7ce220dd661c5:0xcb5078a4b1cedadb!8m2!3d18.9493248!4d72.8284767!16s%2Fg%2F1ptxl15zf!19sChIJxWHWDSLO5zsR29rOsaR4UMs?authuser=0&hl=en&rclk=1"",""stars"":null,""numberOfReviews"":null}",Shree Riddhi Siddhi Creation,"{""rating"":""NA""}"
JkQg_nCHO5zsRg_hU5vq2QpE,"70, Ranvir Mansion, Shamaldas Gandhi Marg, near Mangaldas market",Book store, 022 2205 3716,18.9479134,72.8309846,Avaliable,"{""type"":""Delivery"",""googleUrl"":""https://www.google.com/maps/place/Dhanlal+Brothers+Distributors/data=!4m7!3m6!1s0x3be7ce219c3f0891:0x9142b6fae654f883!8m2!3d18.9479134!4d72.8309846!16s%2Fg%2F1tg_vkf9!19sChIJkQg_nCHO5zsRg_hU5vq2QpE?authuser=0&hl=en&rclk=1"",""stars"":4.2,""numberOfReviews"":119}",Dhanlal Brothers Distributors,"{""rating"":""4.2 stars 119 Reviews""}"
JgVBAZCHO5zsRLRKpSlBXrrg,"81/83, p k building ,Old Hanuman Lane, Road",Bridal shop, 098193 18687,18.9483297,72.8298979,Avaliable,"{""type"":""In-store shopping"",""googleUrl"":""https://www.google.com/maps/place/Toral+Wholesaler+%26+Retail/data=!4m7!3m6!1s0x3be7ce2164405081:0xb8ae57504aa9122d!8m2!3d18.9483297!4d72.8298979!16s%2Fg%2F11cn32clnk!19sChIJgVBAZCHO5zsRLRKpSlBXrrg?authuser=0&hl=en&rclk=1"",""stars"":3.8,""numberOfReviews"":49}",Toral Wholesaler & Retail,"{""rating"":""3.8 stars 49 Reviews""}"
J-dfYO5LP5zsRO971hzJ6qps,"329/331, Kalbadevi Rd, near Kids Zone, opp. Awadeshi Market",Store, 091677 40765,18.9493685,72.828793,Avaliable,"{""type"":""NA"",""googleUrl"":""https://www.google.com/maps/place/JANGBAHADUR+RAJARAM+RAJBHAR+SHOP/data=!4m7!3m6!1s0x3be7cf923bd8d7f9:0x9baa7a3287f5de3b!8m2!3d18.9493685!4d72.828793!16s%2Fg%2F11v13vrc_0!19sChIJ-dfYO5LP5zsRO971hzJ6qps?authuser=0&hl=en&rclk=1"",""stars"":null,""numberOfReviews"":null}",JANGBAHADUR RAJARAM RAJBHAR SHOP,"{""rating"":""NA""}"
JP6sBVx_O5zsREsZ0kyPhrzc,"400002, 16/18, Dr MB Velkar St",Clothing store, 093211 21109,18.9476157,72.8277185,Avaliable,"{""type"":""In-store shopping"",""googleUrl"":""https://www.google.com/maps/place/AMAN+COLLECTION/data=!4m7!3m6!1s0x3be7ce1f5701ab3f:0x37afe1239374c612!8m2!3d18.9476157!4d72.8277185!16s%2Fg%2F11c72l9ctp!19sChIJP6sBVx_O5zsREsZ0kyPhrzc?authuser=0&hl=en&rclk=1"",""stars"":3.6,""numberOfReviews"":5}",AMAN COLLECTION,"{""rating"":""3.6 stars 5 Reviews""}"
Jz7eWthTP5zsRGCAnP3NCNyM,Kalbadevi Rd,Clothing store,NA,18.9495371,72.8287753,Avaliable,"{""type"":""In-store shopping"",""googleUrl"":""https://www.google.com/maps/place/Urban+Outfitters+Clothing+Store/data=!4m7!3m6!1s0x3be7cf14b696b7cf:0x233742733f272018!8m2!3d18.9495371!4d72.8287753!16s%2Fg%2F11s5tlydk2!19sChIJz7eWthTP5zsRGCAnP3NCNyM?authuser=0&hl=en&rclk=1"",""stars"":null,""numberOfReviews"":null}",Urban Outfitters Clothing Store,"{""rating"":""NA""}"
Ju6_dISLO5zsRR0pc9_HoHco,"Shop No-12/Ab, 1st Floor, Dhanji Mulji Building, Opposite Hasmukh Tea, 131/133, Old Hanuman Lane, Kalbadevi, Kalbadevi",Women's clothing store, 022 2206 5393,18.9485867,72.8294243,Avaliable,"{""type"":""In-store shopping"",""googleUrl"":""https://www.google.com/maps/place/Asia+creation+saree/data=!4m7!3m6!1s0x3be7ce2221ddafbb:0xca1de8f1f75c4a47!8m2!3d18.9485867!4d72.8294243!16s%2Fg%2F1tcwpm34!19sChIJu6_dISLO5zsRR0pc9_HoHco?authuser=0&hl=en&rclk=1"",""stars"":null,""numberOfReviews"":null}",Asia creation saree,"{""rating"":""NA""}"
JqwPQ3iPO5zsRmEXAfld6R04,"94, Sheikh Memon St",Jeweler,NA,18.951196,72.831177,Avaliable,"{""type"":""In-store shopping"",""googleUrl"":""https://www.google.com/maps/place/Zaveri+Bazaar/data=!4m7!3m6!1s0x3be7ce23ded003ab:0x4e477a577ec04598!8m2!3d18.951196!4d72.831177!16s%2Fg%2F1hdzbx_r4!19sChIJqwPQ3iPO5zsRmEXAfld6R04?authuser=0&hl=en&rclk=1"",""stars"":4.2,""numberOfReviews"":null}",Zaveri Bazaar,"{""rating"":""4.2 stars 1,668 Reviews""}"
JKTUvv9fP5zsRT7vpTOMDiSA,"Canara Bank, Mahavir NX, 307/309, Rajesh Rayon Bhavan Opp Kakad Market, Swadeshi Market",Cell phone store, 098193 44759,18.9498338,72.8288853,Avaliable,"{""type"":""In-store shopping"",""googleUrl"":""https://www.google.com/maps/place/Top+10+Store+%7C+Mobiles,+TV,+Laptop,+Accessories+in+Kalbadevi+Opp+Kakad+Market/data=!4m7!3m6!1s0x3be7cfd7bf2f3529:0x208903e34ce9bb4f!8m2!3d18.9498338!4d72.8288853!16s%2Fg%2F11vsnw6p78!19sChIJKTUvv9fP5zsRT7vpTOMDiSA?authuser=0&hl=en&rclk=1"",""stars"":null,""numberOfReviews"":null}","Top 10 Store | Mobiles, TV, Laptop, Accessories in Kalbadevi Opp Kakad Market","{""rating"":""NA""}"
Js7m6Vx_O5zsRvwg9IzvqtFU,"30/ 32, Ravji Premji Trust Building, Kolbhat Lane, Kalbadevi, Mumbai - 400002",Electrical supply store, 022 2206 3671,18.9476965,72.8277534,Avaliable,"{""type"":""In-store shopping"",""googleUrl"":""https://www.google.com/maps/place/Kothari+Electricals/data=!4m7!3m6!1s0x3be7ce1f57bab9b3:0x55b4ea3b233d08bf!8m2!3d18.9476965!4d72.8277534!16s%2Fg%2F1thk767r!19sChIJs7m6Vx_O5zsRvwg9IzvqtFU?authuser=0&hl=en&rclk=1"",""stars"":null,""numberOfReviews"":null}",Kothari Electricals,"{""rating"":""NA""}"
Jq6qq6hjO5zsRW2V11o5FYzY,"Door no, 404 - A, Kalbadevi Rd, near OYO 74865 Neelkamal Hotel",Bicycle Shop, 022 2208 6393,18.9475181,72.8287158,Avaliable,"{""type"":""In-store shopping"",""googleUrl"":""https://www.google.com/maps/place/Anant+Cycle+Stores/data=!4m7!3m6!1s0x3be7ce18eaaaaaab:0x3663458ed675655b!8m2!3d18.9475181!4d72.8287158!16s%2Fg%2F1tdn2kh6!19sChIJq6qq6hjO5zsRW2V11o5FYzY?authuser=0&hl=en&rclk=1"",""stars"":5,""numberOfReviews"":3}",Anant Cycle Stores,"{""rating"":""5.0 stars 3 Reviews""}"
JvVfDQADP5zsRzDQ8NGEG2y8,"Shop No 21, Shami Galli, Swadeshi Market, Kalbadevi Rd",Clothing store,083696 58451,18.9493966,72.8281163,Avaliable,"{""type"":""NA"",""googleUrl"":""https://www.google.com/maps/place/OMPRAKASH+CHAWLA+SHOP/data=!4m7!3m6!1s0x3be7cf0040c357bd:0x2fdb0661343c34cc!8m2!3d18.9493966!4d72.8281163!16s%2Fg%2F11l5dl_51b!19sChIJvVfDQADP5zsRzDQ8NGEG2y8?authuser=0&hl=en&rclk=1"",""stars"":null,""numberOfReviews"":null}",OMPRAKASH CHAWLA SHOP,"{""rating"":""NA""}"
JxcIctybO5zsRdDbbb7PBOho,"301/02/03 Crawford Market Inside, 3rd lane Mahatma Jyotiba Phule Market",Supermarket, 098708 46740,18.9473509,72.8350237,Avaliable,"{""type"":""In-store shopping"",""googleUrl"":""https://www.google.com/maps/place/Hakimi+Stores/data=!4m7!3m6!1s0x3be7ce26b71cc2c5:0x1a3ac1b36fdb3674!8m2!3d18.9473509!4d72.8350237!16s%2Fg%2F12hyszkby!19sChIJxcIctybO5zsRdDbbb7PBOho?authuser=0&hl=en&rclk=1"",""stars"":4.9,""numberOfReviews"":117}",Hakimi Stores,"{""rating"":""4.9 stars 117 Reviews""}"
J3QR9sBXP5zsRRqesuVi8zyw,undefined,Electronics storeOpen ⋅ Closes 10 pm, 090827 07384,18.9484727,72.8256832,Avaliable,"{""type"":""In-store shopping"",""googleUrl"":""https://www.google.com/maps/place/My+Jio+Store/data=!4m7!3m6!1s0x3be7cf15b07d04dd:0x2ccfbc58b9aca746!8m2!3d18.9484727!4d72.8256832!16s%2Fg%2F11ghqbq5p8!19sChIJ3QR9sBXP5zsRRqesuVi8zyw?authuser=0&hl=en&rclk=1"",""stars"":3.8,""numberOfReviews"":222}",My Jio Store,"{""rating"":""3.8 stars 222 Reviews""}"
JKcSbe9DP5zsRtkYhW7gGX-0,"331, Kalbadevi Rd, opp. swadeshi market",Children's clothing store,NA,18.9489319,72.8290186,Avaliable,"{""type"":""In-store shopping"",""googleUrl"":""https://www.google.com/maps/place/Kidszone/data=!4m7!3m6!1s0x3be7cfd07b9bc429:0xed5f06b85b2146b6!8m2!3d18.9489319!4d72.8290186!16s%2Fg%2F11rggk9s6n!19sChIJKcSbe9DP5zsRtkYhW7gGX-0?authuser=0&hl=en&rclk=1"",""stars"":3.3,""numberOfReviews"":20}",Kidszone,"{""rating"":""3.3 stars 20 Reviews""}"
JfSxnGiLO5zsR-9g-9BmCKhM,"Kalyan Bhavan, No. 354, 1st Floor, Kalbadevi Rd",Clothing store, 098212 20937,18.9492391,72.828759,Avaliable,"{""type"":""In-store shopping"",""googleUrl"":""https://www.google.com/maps/place/Saree+Palace/data=!4m7!3m6!1s0x3be7ce221a672c7d:0x132a8219f43ed8fb!8m2!3d18.9492391!4d72.828759!16s%2Fg%2F1tkbwpq0!19sChIJfSxnGiLO5zsR-9g-9BmCKhM?authuser=0&hl=en&rclk=1"",""stars"":3.9,""numberOfReviews"":68}",Saree Palace,"{""rating"":""3.9 stars 68 Reviews""}"
Jr7JTbiHO5zsRynjar6W3_VU,"Shop No. 41, 43, Mangaldas Rd, opp. Vireshwar Hotel",Lighting store, 077158 01945,18.9474452,72.8318686,Avaliable,"{""type"":""In-store shopping"",""googleUrl"":""https://www.google.com/maps/place/V-Lights/data=!4m7!3m6!1s0x3be7ce216e53b2af:0x55fdb7a5afda78ca!8m2!3d18.9474452!4d72.8318686!16s%2Fg%2F11cjj13jt6!19sChIJr7JTbiHO5zsRynjar6W3_VU?authuser=0&hl=en&rclk=1"",""stars"":4.2,""numberOfReviews"":129}",V-Lights,"{""rating"":""4.2 stars 129 Reviews""}"
JkcHIESLO5zsRTU6654KJUSg,"Shop No.1, Kalyan Bhavan, 354, Kalbadevi Rd",Cell phone store, 098207 47917,18.9489498,72.8288436,Avaliable,"{""type"":""\""Nice experience and shop also big many more options to choose\"""",""googleUrl"":""https://www.google.com/maps/place/Prince+Nx/data=!4m7!3m6!1s0x3be7ce2211c8c191:0x28518982e7ba4e4d!8m2!3d18.9489498!4d72.8288436!16s%2Fg%2F11btvb8dq7!19sChIJkcHIESLO5zsRTU6654KJUSg?authuser=0&hl=en&rclk=1"",""stars"":4.2,""numberOfReviews"":51}",Prince Nx,"{""rating"":""4.2 stars 51 Reviews""}"
JlUPCGyLO5zsRQHImj_PuzgA,"Shop 1, 113/115, Shreeji Market, Old hanuman lane, Kalbadevi, opp. Adarsh palace hotel",Designer Clothing Store, 097696 32666,18.9484765,72.8295427,Avaliable,"{""type"":""In-store shopping"",""googleUrl"":""https://www.google.com/maps/place/VAAMAN+CREATION/data=!4m7!3m6!1s0x3be7ce221bc24395:0xceeef38f267240!8m2!3d18.9484765!4d72.8295427!16s%2Fg%2F12lk7vszk!19sChIJlUPCGyLO5zsRQHImj_PuzgA?authuser=0&hl=en&rclk=1"",""stars"":3.8,""numberOfReviews"":66}",VAAMAN CREATION,"{""rating"":""3.8 stars 66 Reviews""}"
JmdomYkbP5zsR-RxF_Ohd4Ao,"417, Jagannath Shankar Seth Rd, opp. Swagat Pure Veg",Pharmacy, 098921 47979,18.9491141,72.8253156,Avaliable,"{""type"":""Delivery"",""googleUrl"":""https://www.google.com/maps/place/Shree+Ganesh+Medical+Store/data=!4m7!3m6!1s0x3be7cf466226da99:0xae05de8fc451cf9!8m2!3d18.9491141!4d72.8253156!16s%2Fg%2F1td4hld2!19sChIJmdomYkbP5zsR-RxF_Ohd4Ao?authuser=0&hl=en&rclk=1"",""stars"":4,""numberOfReviews"":3}",Shree Ganesh Medical Store,"{""rating"":""4.0 stars 3 Reviews""}"
Jr5sozhjO5zsRDx81wmwI0fw,"521, Jagannath Shankar Seth Rd, Near Fish Market",Electrical supply store, 022 2206 7238,18.9484699,72.8257145,Avaliable,"{""type"":""NA"",""googleUrl"":""https://www.google.com/maps/place/Bharat+Electrical+And+General+Store/data=!4m7!3m6!1s0x3be7ce18ce289baf:0xfcd1086cc2351f0f!8m2!3d18.9484699!4d72.8257145!16s%2Fg%2F1tfldqcr!19sChIJr5sozhjO5zsRDx81wmwI0fw?authuser=0&hl=en&rclk=1"",""stars"":null,""numberOfReviews"":null}",Bharat Electrical And General Store,"{""rating"":""NA""}"
JwW3uYCLO5zsRRYVZw26k99w,"235/237, venkateshwar bhavan, Kalbadevi Rd",Bridal shop, 080802 01010,18.9509879,72.8292948,Avaliable,"{""type"":""In-store shopping"",""googleUrl"":""https://www.google.com/maps/place/Indrani+Couture/data=!4m7!3m6!1s0x3be7ce2260ee6dc1:0xdcf7a46ec3598545!8m2!3d18.9509879!4d72.8292948!16s%2Fg%2F11g9qctm9b!19sChIJwW3uYCLO5zsRRYVZw26k99w?authuser=0&hl=en&rclk=1"",""stars"":4.4,""numberOfReviews"":337}",Indrani Couture,"{""rating"":""4.4 stars 337 Reviews""}"
JCfd_3MvP5zsRh-OrcdmZ3bc,"288, Jethabai Building, ground floor, opp. Vithalwadi Temple, Kalbadevi Rd, near Mahavir-nx",Clothing store, 081081 00058,18.9502417,72.8288003,Avaliable,"{""type"":""In-store shopping"",""googleUrl"":""https://www.google.com/maps/place/MDS+%28+mahavir+designer+studio+%29/data=!4m7!3m6!1s0x3be7cfcbdc7ff709:0xb7dd99d971abe387!8m2!3d18.9502417!4d72.8288003!16s%2Fg%2F11hzm7bkqm!19sChIJCfd_3MvP5zsRh-OrcdmZ3bc?authuser=0&hl=en&rclk=1"",""stars"":4.9,""numberOfReviews"":616}",MDS ( mahavir designer studio ),"{""rating"":""4.9 stars 616 Reviews""}"
